Model,R²,RMSE,MAE
RF (tuned),0.7942950490699969,80.32943225384405,23.760160663784394
GB (tuned),0.9657312044842072,32.78700487804248,4.0467666566005045
